INSERT INTO roles (id, name) VALUES
    ('10000000-0000-0000-0000-000000000001', 'admin'),
    ('10000000-0000-0000-0000-000000000002', 'user');

INSERT INTO users (id, name, email, username, is_active, created_at, updated_at) VALUES
    ('20000000-0000-0000-0000-000000000001', 'Legacy Admin', 'legacy.admin@orderflow.local', 'legacy.admin', true, CURRENT_TIMESTAMP, CURRENT_TIMESTAMP);

INSERT INTO user_roles (user_id, role_id) VALUES
    ('20000000-0000-0000-0000-000000000001', '10000000-0000-0000-0000-000000000001');

INSERT INTO organizations (id, organization_code, name, created_at, updated_at) VALUES
    ('11111111-1111-1111-1111-111111111111', 'OF_DEMO', 'OrderFlow Demo Distribution', CURRENT_TIMESTAMP, CURRENT_TIMESTAMP);

INSERT INTO app_users (id, organization_id, email, password_hash, display_name, role, active, created_at, updated_at) VALUES
    ('22222222-2222-2222-2222-222222222201', '11111111-1111-1111-1111-111111111111', 'sale.admin@orderflow.local', '$2a$10$9wcvuZXCUW5ZgldmBVU5d.a.vFvYmMbXmZmINn8j5TR.7nPlAq/cO', 'Sale Admin Demo', 'SALE_ADMIN', true, CURRENT_TIMESTAMP, CURRENT_TIMESTAMP),
    ('22222222-2222-2222-2222-222222222202', '11111111-1111-1111-1111-111111111111', 'manager@orderflow.local', '$2a$10$9wcvuZXCUW5ZgldmBVU5d.a.vFvYmMbXmZmINn8j5TR.7nPlAq/cO', 'Manager Demo', 'MANAGER', true, CURRENT_TIMESTAMP, CURRENT_TIMESTAMP),
    ('22222222-2222-2222-2222-222222222203', '11111111-1111-1111-1111-111111111111', 'sales@orderflow.local', '$2a$10$9wcvuZXCUW5ZgldmBVU5d.a.vFvYmMbXmZmINn8j5TR.7nPlAq/cO', 'Sales Demo', 'SALES', true, CURRENT_TIMESTAMP, CURRENT_TIMESTAMP);

INSERT INTO warehouses (id, organization_id, warehouse_code, name, address, active, created_at, updated_at) VALUES
    ('33333333-3333-3333-3333-333333333331', '11111111-1111-1111-1111-111111111111', 'WH_HCM', 'Kho HCM', 'Quan 7, TP HCM', true, CURRENT_TIMESTAMP, CURRENT_TIMESTAMP);

INSERT INTO customers (id, organization_id, sales_owner_user_id, customer_code, name, customer_type, phone, address, default_price_tier, status, note, created_at, updated_at) VALUES
    ('44444444-4444-4444-4444-444444444401', '11111111-1111-1111-1111-111111111111', '22222222-2222-2222-2222-222222222203', 'MINH_ANH', 'Cong ty Minh Anh', 'DEALER', '0901000001', 'Quan 7, TP HCM', 'TIER_A', 'ACTIVE', 'Customer used for happy-path MVP tests', CURRENT_TIMESTAMP, CURRENT_TIMESTAMP),
    ('44444444-4444-4444-4444-444444444402', '11111111-1111-1111-1111-111111111111', '22222222-2222-2222-2222-222222222203', 'AN_PHAT', 'Cong ty An Phat', 'DEALER', '0901000002', 'Long An', 'TIER_A', 'ACTIVE', 'Near credit limit for credit-hold tests', CURRENT_TIMESTAMP, CURRENT_TIMESTAMP),
    ('44444444-4444-4444-4444-444444444403', '11111111-1111-1111-1111-111111111111', '22222222-2222-2222-2222-222222222203', 'THANH_DAT', 'Nha thau Thanh Dat', 'CONTRACTOR', '0901000003', 'Nha Be, TP HCM', 'TIER_B', 'ACTIVE', 'Has overdue debt for hard credit-hold tests', CURRENT_TIMESTAMP, CURRENT_TIMESTAMP);

INSERT INTO customer_projects (id, organization_id, customer_id, project_code, name, delivery_address, default_delivery_note, active, created_at, updated_at) VALUES
    ('55555555-5555-5555-5555-555555555501', '11111111-1111-1111-1111-111111111111', '44444444-4444-4444-4444-444444444401', 'Q7_TOWER', 'Cong trinh Quan 7', 'Duong Nguyen Van Linh, Quan 7', 'Giao gio hanh chinh', true, CURRENT_TIMESTAMP, CURRENT_TIMESTAMP),
    ('55555555-5555-5555-5555-555555555502', '11111111-1111-1111-1111-111111111111', '44444444-4444-4444-4444-444444444402', 'LA_FACTORY', 'Nha may Long An', 'KCN Long Hau, Long An', 'Bao bao ve truoc 30 phut', true, CURRENT_TIMESTAMP, CURRENT_TIMESTAMP),
    ('55555555-5555-5555-5555-555555555503', '11111111-1111-1111-1111-111111111111', '44444444-4444-4444-4444-444444444403', 'NB_VILLA', 'Cong trinh Nha Be', 'Huyen Nha Be, TP HCM', 'Giao sang', true, CURRENT_TIMESTAMP, CURRENT_TIMESTAMP);

INSERT INTO customer_credit_profiles (customer_id, credit_limit, current_debt, overdue_debt, pending_approved_order_amount, payment_term_days, updated_at) VALUES
    ('44444444-4444-4444-4444-444444444401', 100000000, 10000000, 0, 0, 30, CURRENT_TIMESTAMP),
    ('44444444-4444-4444-4444-444444444402', 30000000, 28500000, 0, 0, 15, CURRENT_TIMESTAMP),
    ('44444444-4444-4444-4444-444444444403', 10000000, 1000000, 500000, 0, 15, CURRENT_TIMESTAMP);

INSERT INTO price_lists (id, organization_id, price_list_code, name, customer_id, price_tier, valid_from, valid_to, priority, active, created_at, updated_at) VALUES
    ('66666666-6666-6666-6666-666666666601', '11111111-1111-1111-1111-111111111111', 'TIER_A_2026', 'Bang gia TIER_A 2026', null, 'TIER_A', DATE '2026-01-01', null, 10, true, CURRENT_TIMESTAMP, CURRENT_TIMESTAMP),
    ('66666666-6666-6666-6666-666666666602', '11111111-1111-1111-1111-111111111111', 'TIER_B_2026', 'Bang gia TIER_B 2026', null, 'TIER_B', DATE '2026-01-01', null, 20, true, CURRENT_TIMESTAMP, CURRENT_TIMESTAMP);

INSERT INTO product_skus (id, organization_id, sku_code, product_name, product_family, material, brand, diameter_mm, nominal_size, size_system, pressure_class, thickness_mm, fitting_type, angle_degree, thread_type, reducer_from_mm, reducer_to_mm, length_m, sell_unit, base_unit, units_per_sell_unit, active, created_at, updated_at) VALUES
    ('70000000-0000-0000-0000-000000000001', '11111111-1111-1111-1111-111111111111', 'BM-PVCU-PIPE-D21', 'Ong PVC-U Binh Minh D21', 'PIPE', 'PVC-U', 'Binh Minh', 21, 'D21', 'MM', null, null, 'PIPE', null, null, null, null, 4, 'cay', 'm', 4, true, CURRENT_TIMESTAMP, CURRENT_TIMESTAMP),
    ('70000000-0000-0000-0000-000000000002', '11111111-1111-1111-1111-111111111111', 'PVC-CO90-D27', 'Co PVC 90 do D27', 'FITTING', 'PVC', 'Binh Minh', 27, 'D27', 'MM', null, null, 'ELBOW', 90, null, null, null, null, 'cai', 'cai', 1, true, CURRENT_TIMESTAMP, CURRENT_TIMESTAMP),
    ('70000000-0000-0000-0000-000000000003', '11111111-1111-1111-1111-111111111111', 'PVC-TEE-D27', 'Te PVC D27', 'FITTING', 'PVC', 'Binh Minh', 27, 'D27', 'MM', null, null, 'TEE', null, null, null, null, null, 'cai', 'cai', 1, true, CURRENT_TIMESTAMP, CURRENT_TIMESTAMP),
    ('70000000-0000-0000-0000-000000000004', '11111111-1111-1111-1111-111111111111', 'PVC-NOI-REN-TRONG-D21', 'Noi ren trong PVC D21', 'FITTING', 'PVC', 'Binh Minh', 21, 'D21', 'MM', null, null, 'COUPLING', null, 'INTERNAL', null, null, null, 'cai', 'cai', 1, true, CURRENT_TIMESTAMP, CURRENT_TIMESTAMP),
    ('70000000-0000-0000-0000-000000000005', '11111111-1111-1111-1111-111111111111', 'PPR-HOT-D25-PN20', 'Ong PPR nong D25 PN20', 'PIPE', 'PPR', 'Tien Phong', 25, 'D25', 'MM', 'PN20', null, 'PIPE', null, null, null, null, 4, 'cay', 'm', 4, true, CURRENT_TIMESTAMP, CURRENT_TIMESTAMP),
    ('70000000-0000-0000-0000-000000000006', '11111111-1111-1111-1111-111111111111', 'PVC-TEE-GIAM-34-25', 'Te giam PVC 34-25', 'FITTING', 'PVC', 'Binh Minh', null, '34-25', 'MM', null, null, 'REDUCING_TEE', null, null, 34, 25, null, 'cai', 'cai', 1, true, CURRENT_TIMESTAMP, CURRENT_TIMESTAMP),
    ('70000000-0000-0000-0000-000000000007', '11111111-1111-1111-1111-111111111111', 'HDPE-PE100-D60', 'Ong HDPE PE100 D60', 'PIPE', 'HDPE', 'Tien Phong', 60, 'D60', 'MM', 'PE100', null, 'PIPE', null, null, null, null, 6, 'cay', 'm', 6, true, CURRENT_TIMESTAMP, CURRENT_TIMESTAMP),
    ('70000000-0000-0000-0000-000000000008', '11111111-1111-1111-1111-111111111111', 'PVC-DRAIN-D110', 'Ong thoat PVC D110', 'PIPE', 'PVC', 'Binh Minh', 110, 'D110', 'MM', null, null, 'DRAIN_PIPE', null, null, null, null, 4, 'cay', 'm', 4, true, CURRENT_TIMESTAMP, CURRENT_TIMESTAMP),
    ('70000000-0000-0000-0000-000000000009', '11111111-1111-1111-1111-111111111111', 'PVC-CO88-D90', 'Co cong PVC 88 do D90', 'FITTING', 'PVC', 'Binh Minh', 90, 'D90', 'MM', null, null, 'ELBOW', 88, null, null, null, null, 'cai', 'cai', 1, true, CURRENT_TIMESTAMP, CURRENT_TIMESTAMP),
    ('70000000-0000-0000-0000-000000000010', '11111111-1111-1111-1111-111111111111', 'PVC-NOI-THONG-TAC-D110', 'Noi thong tac PVC D110', 'FITTING', 'PVC', 'Binh Minh', 110, 'D110', 'MM', null, null, 'CLEANOUT', null, null, null, null, null, 'cai', 'cai', 1, true, CURRENT_TIMESTAMP, CURRENT_TIMESTAMP),
    ('70000000-0000-0000-0000-000000000011', '11111111-1111-1111-1111-111111111111', 'VALVE-KHOA-D27', 'Van khoa nuoc D27', 'VALVE', 'BRASS', 'Miha', 27, 'D27', 'MM', null, null, 'VALVE', null, null, null, null, null, 'cai', 'cai', 1, true, CURRENT_TIMESTAMP, CURRENT_TIMESTAMP),
    ('70000000-0000-0000-0000-000000000012', '11111111-1111-1111-1111-111111111111', 'PPR-RACCO-REN-TRONG-D27', 'Racco PPR ren trong D27', 'FITTING', 'PPR', 'Tien Phong', 27, 'D27', 'MM', null, null, 'RACCO', null, 'INTERNAL', null, null, null, 'cai', 'cai', 1, true, CURRENT_TIMESTAMP, CURRENT_TIMESTAMP),
    ('70000000-0000-0000-0000-000000000013', '11111111-1111-1111-1111-111111111111', 'PPR-HOT-D21-PN20', 'Ong PPR nong D21 PN20', 'PIPE', 'PPR', 'Tien Phong', 21, 'D21', 'MM', 'PN20', null, 'PIPE', null, null, null, null, 4, 'cay', 'm', 4, true, CURRENT_TIMESTAMP, CURRENT_TIMESTAMP),
    ('70000000-0000-0000-0000-000000000014', '11111111-1111-1111-1111-111111111111', 'PPR-CO-REN-TRONG-D21', 'Co PPR ren trong D21', 'FITTING', 'PPR', 'Tien Phong', 21, 'D21', 'MM', null, null, 'ELBOW', 90, 'INTERNAL', null, null, null, 'cai', 'cai', 1, true, CURRENT_TIMESTAMP, CURRENT_TIMESTAMP),
    ('70000000-0000-0000-0000-000000000015', '11111111-1111-1111-1111-111111111111', 'PTFE-BANG-TAN', 'Bang tan PTFE', 'ACCESSORY', 'PTFE', 'Generic', null, null, null, null, null, 'TAPE', null, null, null, null, null, 'cuon', 'cuon', 1, true, CURRENT_TIMESTAMP, CURRENT_TIMESTAMP),
    ('70000000-0000-0000-0000-000000000016', '11111111-1111-1111-1111-111111111111', 'HDPE-COIL-D60-100M', 'Ong cuon HDPE den D60 100m', 'PIPE', 'HDPE', 'Tien Phong', 60, 'D60', 'MM', null, null, 'COIL_PIPE', null, null, null, null, 100, 'cuon', 'm', 100, true, CURRENT_TIMESTAMP, CURRENT_TIMESTAMP),
    ('70000000-0000-0000-0000-000000000017', '11111111-1111-1111-1111-111111111111', 'PE-COIL-D60-100M', 'Ong cuon PE den D60 100m', 'PIPE', 'PE', 'Generic', 60, 'D60', 'MM', null, null, 'COIL_PIPE', null, null, null, null, 100, 'cuon', 'm', 100, true, CURRENT_TIMESTAMP, CURRENT_TIMESTAMP),
    ('70000000-0000-0000-0000-000000000018', '11111111-1111-1111-1111-111111111111', 'PVC-NOI-THAM-D90', 'Noi tham PVC D90', 'FITTING', 'PVC', 'Binh Minh', 90, 'D90', 'MM', null, null, 'INSPECTION_COUPLING', null, null, null, null, null, 'cai', 'cai', 1, true, CURRENT_TIMESTAMP, CURRENT_TIMESTAMP),
    ('70000000-0000-0000-0000-000000000019', '11111111-1111-1111-1111-111111111111', 'PVC-NOI-THANG-THAM-D90', 'Noi thang tham PVC D90', 'FITTING', 'PVC', 'Binh Minh', 90, 'D90', 'MM', null, null, 'INSPECTION_STRAIGHT_COUPLING', null, null, null, null, null, 'cai', 'cai', 1, true, CURRENT_TIMESTAMP, CURRENT_TIMESTAMP),
    ('70000000-0000-0000-0000-000000000020', '11111111-1111-1111-1111-111111111111', 'ELEC-CLAMP-D20', 'Kep do ong dien D20', 'ACCESSORY', 'STEEL', 'Generic', 20, 'D20', 'MM', null, null, 'CLAMP', null, null, null, null, null, 'cai', 'cai', 1, true, CURRENT_TIMESTAMP, CURRENT_TIMESTAMP),
    ('70000000-0000-0000-0000-000000000021', '11111111-1111-1111-1111-111111111111', 'PIPE-HANGER-D90', 'Kep do ong treo D90', 'ACCESSORY', 'STEEL', 'Generic', 90, 'D90', 'MM', null, null, 'HANGER', null, null, null, null, null, 'cai', 'cai', 1, true, CURRENT_TIMESTAMP, CURRENT_TIMESTAMP);

INSERT INTO product_aliases (id, organization_id, alias_text, normalized_alias, sku_id, product_family, material, brand, diameter_mm, pressure_class, fitting_type, thread_type, confidence_weight, note, active, created_at, updated_at) VALUES
    ('80000000-0000-0000-0000-000000000001', '11111111-1111-1111-1111-111111111111', 'ong binh minh phi 21', 'ong binh minh phi 21', '70000000-0000-0000-0000-000000000001', 'PIPE', 'PVC-U', 'Binh Minh', 21, null, 'PIPE', null, 0.72, 'happy-path pipe alias', true, CURRENT_TIMESTAMP, CURRENT_TIMESTAMP),
    ('80000000-0000-0000-0000-000000000002', '11111111-1111-1111-1111-111111111111', 'ong nhua trang phi 21', 'ong nhua trang phi 21', '70000000-0000-0000-0000-000000000001', 'PIPE', 'PVC-U', 'Binh Minh', 21, null, 'PIPE', null, 0.68, 'natural language alias', true, CURRENT_TIMESTAMP, CURRENT_TIMESTAMP),
    ('80000000-0000-0000-0000-000000000003', '11111111-1111-1111-1111-111111111111', 'co 90 phi 27', 'co 90 phi 27', '70000000-0000-0000-0000-000000000002', 'FITTING', 'PVC', 'Binh Minh', 27, null, 'ELBOW', null, 0.72, 'elbow alias', true, CURRENT_TIMESTAMP, CURRENT_TIMESTAMP),
    ('80000000-0000-0000-0000-000000000004', '11111111-1111-1111-1111-111111111111', 'chu t phi 27', 'chu t phi 27', '70000000-0000-0000-0000-000000000003', 'FITTING', 'PVC', 'Binh Minh', 27, null, 'TEE', null, 0.72, 'tee alias', true, CURRENT_TIMESTAMP, CURRENT_TIMESTAMP),
    ('80000000-0000-0000-0000-000000000005', '11111111-1111-1111-1111-111111111111', 'te phi 27', 'te phi 27', '70000000-0000-0000-0000-000000000003', 'FITTING', 'PVC', 'Binh Minh', 27, null, 'TEE', null, 0.70, 'tee alias', true, CURRENT_TIMESTAMP, CURRENT_TIMESTAMP),
    ('80000000-0000-0000-0000-000000000006', '11111111-1111-1111-1111-111111111111', 'noi ren trong phi 21', 'noi ren trong phi 21', '70000000-0000-0000-0000-000000000004', 'FITTING', 'PVC', 'Binh Minh', 21, null, 'COUPLING', 'INTERNAL', 0.72, 'threaded coupling alias', true, CURRENT_TIMESTAMP, CURRENT_TIMESTAMP),
    ('80000000-0000-0000-0000-000000000007', '11111111-1111-1111-1111-111111111111', 'ong ppr nong phi 25 pn20', 'ong ppr nong phi 25 pn20', '70000000-0000-0000-0000-000000000005', 'PIPE', 'PPR', 'Tien Phong', 25, 'PN20', 'PIPE', null, 0.78, 'PPR hot water pipe alias', true, CURRENT_TIMESTAMP, CURRENT_TIMESTAMP),
    ('80000000-0000-0000-0000-000000000008', '11111111-1111-1111-1111-111111111111', 'te giam 34 25', 'te giam 34 25', '70000000-0000-0000-0000-000000000006', 'FITTING', 'PVC', 'Binh Minh', null, null, 'REDUCING_TEE', null, 0.78, 'reducing tee alias', true, CURRENT_TIMESTAMP, CURRENT_TIMESTAMP),
    ('80000000-0000-0000-0000-000000000009', '11111111-1111-1111-1111-111111111111', 'hdpe pe100 phi 60', 'hdpe pe100 phi 60', '70000000-0000-0000-0000-000000000007', 'PIPE', 'HDPE', 'Tien Phong', 60, 'PE100', 'PIPE', null, 0.75, 'HDPE PE100 pipe alias', true, CURRENT_TIMESTAMP, CURRENT_TIMESTAMP),
    ('80000000-0000-0000-0000-000000000010', '11111111-1111-1111-1111-111111111111', 'ong thoat phi 110', 'ong thoat phi 110', '70000000-0000-0000-0000-000000000008', 'PIPE', 'PVC', 'Binh Minh', 110, null, 'DRAIN_PIPE', null, 0.74, 'drain pipe alias', true, CURRENT_TIMESTAMP, CURRENT_TIMESTAMP),
    ('80000000-0000-0000-0000-000000000011', '11111111-1111-1111-1111-111111111111', 'co cong 88 phi 90', 'co cong 88 phi 90', '70000000-0000-0000-0000-000000000009', 'FITTING', 'PVC', 'Binh Minh', 90, null, 'ELBOW', null, 0.74, '88 degree elbow alias', true, CURRENT_TIMESTAMP, CURRENT_TIMESTAMP),
    ('80000000-0000-0000-0000-000000000012', '11111111-1111-1111-1111-111111111111', 'noi thong tac phi 110', 'noi thong tac phi 110', '70000000-0000-0000-0000-000000000010', 'FITTING', 'PVC', 'Binh Minh', 110, null, 'CLEANOUT', null, 0.76, 'cleanout alias', true, CURRENT_TIMESTAMP, CURRENT_TIMESTAMP),
    ('80000000-0000-0000-0000-000000000013', '11111111-1111-1111-1111-111111111111', 'van khoa nuoc phi 27', 'van khoa nuoc phi 27', '70000000-0000-0000-0000-000000000011', 'VALVE', 'BRASS', 'Miha', 27, null, 'VALVE', null, 0.76, 'valve alias', true, CURRENT_TIMESTAMP, CURRENT_TIMESTAMP),
    ('80000000-0000-0000-0000-000000000014', '11111111-1111-1111-1111-111111111111', 'rac co ren trong phi 27', 'rac co ren trong phi 27', '70000000-0000-0000-0000-000000000012', 'FITTING', 'PPR', 'Tien Phong', 27, null, 'RACCO', 'INTERNAL', 0.76, 'racco alias', true, CURRENT_TIMESTAMP, CURRENT_TIMESTAMP),
    ('80000000-0000-0000-0000-000000000015', '11111111-1111-1111-1111-111111111111', 'ong ppr nong phi 21 pn20', 'ong ppr nong phi 21 pn20', '70000000-0000-0000-0000-000000000013', 'PIPE', 'PPR', 'Tien Phong', 21, 'PN20', 'PIPE', null, 0.78, 'PPR hot water pipe alias', true, CURRENT_TIMESTAMP, CURRENT_TIMESTAMP),
    ('80000000-0000-0000-0000-000000000016', '11111111-1111-1111-1111-111111111111', 'co ren trong phi 21', 'co ren trong phi 21', '70000000-0000-0000-0000-000000000014', 'FITTING', 'PPR', 'Tien Phong', 21, null, 'ELBOW', 'INTERNAL', 0.73, 'threaded elbow alias', true, CURRENT_TIMESTAMP, CURRENT_TIMESTAMP),
    ('80000000-0000-0000-0000-000000000017', '11111111-1111-1111-1111-111111111111', 'bang tan', 'bang tan', '70000000-0000-0000-0000-000000000015', 'ACCESSORY', 'PTFE', 'Generic', null, null, 'TAPE', null, 0.82, 'PTFE tape alias', true, CURRENT_TIMESTAMP, CURRENT_TIMESTAMP),
    ('80000000-0000-0000-0000-000000000018', '11111111-1111-1111-1111-111111111111', 'ong cuon den phi 60', 'ong cuon den phi 60', '70000000-0000-0000-0000-000000000016', 'PIPE', 'HDPE', 'Tien Phong', 60, null, 'COIL_PIPE', null, 0.62, 'ambiguous alias regression', true, CURRENT_TIMESTAMP, CURRENT_TIMESTAMP),
    ('80000000-0000-0000-0000-000000000019', '11111111-1111-1111-1111-111111111111', 'ong cuon den phi 60', 'ong cuon den phi 60', '70000000-0000-0000-0000-000000000017', 'PIPE', 'PE', 'Generic', 60, null, 'COIL_PIPE', null, 0.62, 'ambiguous alias regression', true, CURRENT_TIMESTAMP, CURRENT_TIMESTAMP),
    ('80000000-0000-0000-0000-000000000020', '11111111-1111-1111-1111-111111111111', 'noi tham phi 90', 'noi tham phi 90', '70000000-0000-0000-0000-000000000018', 'FITTING', 'PVC', 'Binh Minh', 90, null, 'INSPECTION_COUPLING', null, 0.62, 'ambiguous alias regression', true, CURRENT_TIMESTAMP, CURRENT_TIMESTAMP),
    ('80000000-0000-0000-0000-000000000021', '11111111-1111-1111-1111-111111111111', 'noi tham phi 90', 'noi tham phi 90', '70000000-0000-0000-0000-000000000019', 'FITTING', 'PVC', 'Binh Minh', 90, null, 'INSPECTION_STRAIGHT_COUPLING', null, 0.62, 'ambiguous alias regression', true, CURRENT_TIMESTAMP, CURRENT_TIMESTAMP),
    ('80000000-0000-0000-0000-000000000022', '11111111-1111-1111-1111-111111111111', 'kep do ong', 'kep do ong', '70000000-0000-0000-0000-000000000020', 'ACCESSORY', 'STEEL', 'Generic', 20, null, 'CLAMP', null, 0.58, 'ambiguous alias regression', true, CURRENT_TIMESTAMP, CURRENT_TIMESTAMP),
    ('80000000-0000-0000-0000-000000000023', '11111111-1111-1111-1111-111111111111', 'kep do ong', 'kep do ong', '70000000-0000-0000-0000-000000000021', 'ACCESSORY', 'STEEL', 'Generic', 90, null, 'HANGER', null, 0.58, 'ambiguous alias regression', true, CURRENT_TIMESTAMP, CURRENT_TIMESTAMP);

INSERT INTO sku_prices (id, organization_id, price_list_id, sku_id, min_quantity, unit_price, approval_floor_price, active, created_at, updated_at) VALUES
    ('90000000-0000-0000-0000-000000000001', '11111111-1111-1111-1111-111111111111', '66666666-6666-6666-6666-666666666601', '70000000-0000-0000-0000-000000000001', 1, 42000, 39000, true, CURRENT_TIMESTAMP, CURRENT_TIMESTAMP),
    ('90000000-0000-0000-0000-000000000002', '11111111-1111-1111-1111-111111111111', '66666666-6666-6666-6666-666666666601', '70000000-0000-0000-0000-000000000002', 1, 16000, 14500, true, CURRENT_TIMESTAMP, CURRENT_TIMESTAMP),
    ('90000000-0000-0000-0000-000000000003', '11111111-1111-1111-1111-111111111111', '66666666-6666-6666-6666-666666666601', '70000000-0000-0000-0000-000000000003', 1, 22000, 20000, true, CURRENT_TIMESTAMP, CURRENT_TIMESTAMP),
    ('90000000-0000-0000-0000-000000000004', '11111111-1111-1111-1111-111111111111', '66666666-6666-6666-6666-666666666601', '70000000-0000-0000-0000-000000000004', 1, 18000, 16500, true, CURRENT_TIMESTAMP, CURRENT_TIMESTAMP),
    ('90000000-0000-0000-0000-000000000005', '11111111-1111-1111-1111-111111111111', '66666666-6666-6666-6666-666666666601', '70000000-0000-0000-0000-000000000005', 1, 58000, 54000, true, CURRENT_TIMESTAMP, CURRENT_TIMESTAMP),
    ('90000000-0000-0000-0000-000000000006', '11111111-1111-1111-1111-111111111111', '66666666-6666-6666-6666-666666666601', '70000000-0000-0000-0000-000000000006', 1, 35000, 32000, true, CURRENT_TIMESTAMP, CURRENT_TIMESTAMP),
    ('90000000-0000-0000-0000-000000000007', '11111111-1111-1111-1111-111111111111', '66666666-6666-6666-6666-666666666601', '70000000-0000-0000-0000-000000000007', 1, 155000, 145000, true, CURRENT_TIMESTAMP, CURRENT_TIMESTAMP),
    ('90000000-0000-0000-0000-000000000008', '11111111-1111-1111-1111-111111111111', '66666666-6666-6666-6666-666666666601', '70000000-0000-0000-0000-000000000008', 1, 120000, 110000, true, CURRENT_TIMESTAMP, CURRENT_TIMESTAMP),
    ('90000000-0000-0000-0000-000000000009', '11111111-1111-1111-1111-111111111111', '66666666-6666-6666-6666-666666666601', '70000000-0000-0000-0000-000000000009', 1, 85000, 79000, true, CURRENT_TIMESTAMP, CURRENT_TIMESTAMP),
    ('90000000-0000-0000-0000-000000000010', '11111111-1111-1111-1111-111111111111', '66666666-6666-6666-6666-666666666601', '70000000-0000-0000-0000-000000000010', 1, 65000, 60000, true, CURRENT_TIMESTAMP, CURRENT_TIMESTAMP),
    ('90000000-0000-0000-0000-000000000011', '11111111-1111-1111-1111-111111111111', '66666666-6666-6666-6666-666666666601', '70000000-0000-0000-0000-000000000011', 1, 95000, 88000, true, CURRENT_TIMESTAMP, CURRENT_TIMESTAMP),
    ('90000000-0000-0000-0000-000000000012', '11111111-1111-1111-1111-111111111111', '66666666-6666-6666-6666-666666666601', '70000000-0000-0000-0000-000000000012', 1, 45000, 42000, true, CURRENT_TIMESTAMP, CURRENT_TIMESTAMP),
    ('90000000-0000-0000-0000-000000000013', '11111111-1111-1111-1111-111111111111', '66666666-6666-6666-6666-666666666601', '70000000-0000-0000-0000-000000000013', 1, 44000, 41000, true, CURRENT_TIMESTAMP, CURRENT_TIMESTAMP),
    ('90000000-0000-0000-0000-000000000014', '11111111-1111-1111-1111-111111111111', '66666666-6666-6666-6666-666666666601', '70000000-0000-0000-0000-000000000014', 1, 28000, 25000, true, CURRENT_TIMESTAMP, CURRENT_TIMESTAMP),
    ('90000000-0000-0000-0000-000000000015', '11111111-1111-1111-1111-111111111111', '66666666-6666-6666-6666-666666666601', '70000000-0000-0000-0000-000000000015', 1, 8000, 7000, true, CURRENT_TIMESTAMP, CURRENT_TIMESTAMP),
    ('90000000-0000-0000-0000-000000000016', '11111111-1111-1111-1111-111111111111', '66666666-6666-6666-6666-666666666601', '70000000-0000-0000-0000-000000000016', 1, 350000, 330000, true, CURRENT_TIMESTAMP, CURRENT_TIMESTAMP),
    ('90000000-0000-0000-0000-000000000017', '11111111-1111-1111-1111-111111111111', '66666666-6666-6666-6666-666666666601', '70000000-0000-0000-0000-000000000017', 1, 330000, 310000, true, CURRENT_TIMESTAMP, CURRENT_TIMESTAMP),
    ('90000000-0000-0000-0000-000000000018', '11111111-1111-1111-1111-111111111111', '66666666-6666-6666-6666-666666666601', '70000000-0000-0000-0000-000000000018', 1, 40000, 37000, true, CURRENT_TIMESTAMP, CURRENT_TIMESTAMP),
    ('90000000-0000-0000-0000-000000000019', '11111111-1111-1111-1111-111111111111', '66666666-6666-6666-6666-666666666601', '70000000-0000-0000-0000-000000000019', 1, 42000, 39000, true, CURRENT_TIMESTAMP, CURRENT_TIMESTAMP),
    ('90000000-0000-0000-0000-000000000020', '11111111-1111-1111-1111-111111111111', '66666666-6666-6666-6666-666666666601', '70000000-0000-0000-0000-000000000020', 1, 6000, 5000, true, CURRENT_TIMESTAMP, CURRENT_TIMESTAMP),
    ('90000000-0000-0000-0000-000000000021', '11111111-1111-1111-1111-111111111111', '66666666-6666-6666-6666-666666666601', '70000000-0000-0000-0000-000000000021', 1, 18000, 16000, true, CURRENT_TIMESTAMP, CURRENT_TIMESTAMP);

INSERT INTO inventory_balances (id, organization_id, warehouse_id, sku_id, on_hand_quantity, reserved_quantity, available_quantity, updated_at) VALUES
    ('a0000000-0000-0000-0000-000000000001', '11111111-1111-1111-1111-111111111111', '33333333-3333-3333-3333-333333333331', '70000000-0000-0000-0000-000000000001', 100, 20, 80, CURRENT_TIMESTAMP),
    ('a0000000-0000-0000-0000-000000000002', '11111111-1111-1111-1111-111111111111', '33333333-3333-3333-3333-333333333331', '70000000-0000-0000-0000-000000000002', 200, 10, 190, CURRENT_TIMESTAMP),
    ('a0000000-0000-0000-0000-000000000003', '11111111-1111-1111-1111-111111111111', '33333333-3333-3333-3333-333333333331', '70000000-0000-0000-0000-000000000003', 150, 5, 145, CURRENT_TIMESTAMP),
    ('a0000000-0000-0000-0000-000000000004', '11111111-1111-1111-1111-111111111111', '33333333-3333-3333-3333-333333333331', '70000000-0000-0000-0000-000000000004', 80, 0, 80, CURRENT_TIMESTAMP),
    ('a0000000-0000-0000-0000-000000000005', '11111111-1111-1111-1111-111111111111', '33333333-3333-3333-3333-333333333331', '70000000-0000-0000-0000-000000000005', 50, 0, 50, CURRENT_TIMESTAMP),
    ('a0000000-0000-0000-0000-000000000006', '11111111-1111-1111-1111-111111111111', '33333333-3333-3333-3333-333333333331', '70000000-0000-0000-0000-000000000006', 40, 0, 40, CURRENT_TIMESTAMP),
    ('a0000000-0000-0000-0000-000000000007', '11111111-1111-1111-1111-111111111111', '33333333-3333-3333-3333-333333333331', '70000000-0000-0000-0000-000000000007', 35, 0, 35, CURRENT_TIMESTAMP),
    ('a0000000-0000-0000-0000-000000000008', '11111111-1111-1111-1111-111111111111', '33333333-3333-3333-3333-333333333331', '70000000-0000-0000-0000-000000000008', 12, 4, 8, CURRENT_TIMESTAMP),
    ('a0000000-0000-0000-0000-000000000009', '11111111-1111-1111-1111-111111111111', '33333333-3333-3333-3333-333333333331', '70000000-0000-0000-0000-000000000009', 20, 0, 20, CURRENT_TIMESTAMP),
    ('a0000000-0000-0000-0000-000000000010', '11111111-1111-1111-1111-111111111111', '33333333-3333-3333-3333-333333333331', '70000000-0000-0000-0000-000000000010', 15, 0, 15, CURRENT_TIMESTAMP),
    ('a0000000-0000-0000-0000-000000000011', '11111111-1111-1111-1111-111111111111', '33333333-3333-3333-3333-333333333331', '70000000-0000-0000-0000-000000000011', 30, 0, 30, CURRENT_TIMESTAMP),
    ('a0000000-0000-0000-0000-000000000012', '11111111-1111-1111-1111-111111111111', '33333333-3333-3333-3333-333333333331', '70000000-0000-0000-0000-000000000012', 60, 0, 60, CURRENT_TIMESTAMP),
    ('a0000000-0000-0000-0000-000000000013', '11111111-1111-1111-1111-111111111111', '33333333-3333-3333-3333-333333333331', '70000000-0000-0000-0000-000000000013', 70, 0, 70, CURRENT_TIMESTAMP),
    ('a0000000-0000-0000-0000-000000000014', '11111111-1111-1111-1111-111111111111', '33333333-3333-3333-3333-333333333331', '70000000-0000-0000-0000-000000000014', 55, 0, 55, CURRENT_TIMESTAMP),
    ('a0000000-0000-0000-0000-000000000015', '11111111-1111-1111-1111-111111111111', '33333333-3333-3333-3333-333333333331', '70000000-0000-0000-0000-000000000015', 300, 0, 300, CURRENT_TIMESTAMP),
    ('a0000000-0000-0000-0000-000000000016', '11111111-1111-1111-1111-111111111111', '33333333-3333-3333-3333-333333333331', '70000000-0000-0000-0000-000000000016', 6, 0, 6, CURRENT_TIMESTAMP),
    ('a0000000-0000-0000-0000-000000000017', '11111111-1111-1111-1111-111111111111', '33333333-3333-3333-3333-333333333331', '70000000-0000-0000-0000-000000000017', 5, 0, 5, CURRENT_TIMESTAMP),
    ('a0000000-0000-0000-0000-000000000018', '11111111-1111-1111-1111-111111111111', '33333333-3333-3333-3333-333333333331', '70000000-0000-0000-0000-000000000018', 25, 0, 25, CURRENT_TIMESTAMP),
    ('a0000000-0000-0000-0000-000000000019', '11111111-1111-1111-1111-111111111111', '33333333-3333-3333-3333-333333333331', '70000000-0000-0000-0000-000000000019', 25, 0, 25, CURRENT_TIMESTAMP),
    ('a0000000-0000-0000-0000-000000000020', '11111111-1111-1111-1111-111111111111', '33333333-3333-3333-3333-333333333331', '70000000-0000-0000-0000-000000000020', 500, 0, 500, CURRENT_TIMESTAMP),
    ('a0000000-0000-0000-0000-000000000021', '11111111-1111-1111-1111-111111111111', '33333333-3333-3333-3333-333333333331', '70000000-0000-0000-0000-000000000021', 120, 0, 120, CURRENT_TIMESTAMP);

INSERT INTO ai_models (id, name, provider, display_name, created_at, updated_at) VALUES
    ('b0000000-0000-0000-0000-000000000001', 'gpt-4.1-mini', 'OPENAI', 'OpenAI GPT-4.1 mini', CURRENT_TIMESTAMP, CURRENT_TIMESTAMP);

INSERT INTO ai_envs (id, name, provider, service_account_json, production_mode, api_key, location, project_id, enabled, priority, last_used_at, cooldown_until, failure_count, last_error, created_at, updated_at) VALUES
    ('b1111111-1111-1111-1111-111111111111', 'local-openai-env', 'OPENAI', null, false, null, null, null, true, 1, null, null, 0, null, CURRENT_TIMESTAMP, CURRENT_TIMESTAMP);

INSERT INTO agent_brains (id, name, model_id, env_id, system_instruction, temperature, thinking_level, google_search, include_thoughts, mcp_server_ids, prompt_template, created_at, updated_at) VALUES
    ('b2222222-2222-2222-2222-222222222222', 'Order extraction MVP brain', 'b0000000-0000-0000-0000-000000000001', 'b1111111-1111-1111-1111-111111111111',
     'You extract Vietnamese sales order text into strict JSON for OrderFlow MVP. Return only the schema fields. Preserve raw line text. Use null-safe empty strings when unknown. Ask clarification only for missing quantity, unit, or impossible product text.',
     0.1, 'low', false, false, null,
     'Extract draft order lines. Prefer material, brand, diameterMm, fittingType, pressureClass, threadType in extractedAttributes when the text states them.',
     CURRENT_TIMESTAMP, CURRENT_TIMESTAMP);

INSERT INTO assistant_agents (id, name, category_id, skills, created_at, updated_at) VALUES
    ('b3333333-3333-3333-3333-333333333333', 'ORDER_EXTRACTION_AGENT', null, '{"extract":"b2222222-2222-2222-2222-222222222222"}', CURRENT_TIMESTAMP, CURRENT_TIMESTAMP);
